--
-- PostgreSQL database dump
--

-- Dumped from database version 16.4
-- Dumped by pg_dump version 16.9

SET statement_timeout = 0;
SET lock_timeout = 0;
SET idle_in_transaction_session_timeout = 0;
SET client_encoding = 'UTF8';
SET standard_conforming_strings = on;
SELECT pg_catalog.set_config('search_path', '', false);
SET check_function_bodies = false;
SET xmloption = content;
SET client_min_messages = warning;
SET row_security = off;

SET default_tablespace = '';

SET default_table_access_method = heap;

--
-- Name: doctrine_migration_versions; Type: TABLE; Schema: public; Owner: root
--

CREATE TABLE public.doctrine_migration_versions (
    version character varying(191) NOT NULL,
    executed_at timestamp(0) without time zone DEFAULT NULL::timestamp without time zone,
    execution_time integer
);


ALTER TABLE public.doctrine_migration_versions OWNER TO root;

--
-- Name: occupation_record; Type: TABLE; Schema: public; Owner: root
--

CREATE TABLE public.occupation_record (
    id integer NOT NULL,
    week_start date NOT NULL,
    occupation_rate integer NOT NULL,
    updated_at timestamp(0) without time zone NOT NULL,
    resource_id integer NOT NULL,
    project_id integer,
    updated_by_id integer,
    week_end date NOT NULL
);


ALTER TABLE public.occupation_record OWNER TO root;

--
-- Name: occupation_record_id_seq; Type: SEQUENCE; Schema: public; Owner: root
--

ALTER TABLE public.occupation_record ALTER COLUMN id ADD GENERATED BY DEFAULT AS IDENTITY (
    SEQUENCE NAME public.occupation_record_id_seq
    START WITH 1
    INCREMENT BY 1
    NO MINVALUE
    NO MAXVALUE
    CACHE 1
);


--
-- Name: pole; Type: TABLE; Schema: public; Owner: root
--

CREATE TABLE public.pole (
    id integer NOT NULL,
    name character varying(255) NOT NULL,
    created_at timestamp(0) without time zone NOT NULL,
    created_by_id integer NOT NULL
);


ALTER TABLE public.pole OWNER TO root;

--
-- Name: pole_id_seq; Type: SEQUENCE; Schema: public; Owner: root
--

ALTER TABLE public.pole ALTER COLUMN id ADD GENERATED BY DEFAULT AS IDENTITY (
    SEQUENCE NAME public.pole_id_seq
    START WITH 1
    INCREMENT BY 1
    NO MINVALUE
    NO MAXVALUE
    CACHE 1
);


--
-- Name: projects; Type: TABLE; Schema: public; Owner: root
--

CREATE TABLE public.projects (
    id integer NOT NULL,
    code character varying(255) NOT NULL,
    name character varying(255) NOT NULL,
    required_skills json
);


ALTER TABLE public.projects OWNER TO root;

--
-- Name: projects_id_seq; Type: SEQUENCE; Schema: public; Owner: root
--

ALTER TABLE public.projects ALTER COLUMN id ADD GENERATED BY DEFAULT AS IDENTITY (
    SEQUENCE NAME public.projects_id_seq
    START WITH 1
    INCREMENT BY 1
    NO MINVALUE
    NO MAXVALUE
    CACHE 1
);


--
-- Name: resource; Type: TABLE; Schema: public; Owner: root
--

CREATE TABLE public.resource (
    id integer NOT NULL,
    full_name character varying(255) NOT NULL,
    skills json NOT NULL,
    "position" character varying(255) DEFAULT NULL::character varying,
    avatar character varying(255) DEFAULT NULL::character varying,
    created_at timestamp(0) without time zone NOT NULL,
    updated_at timestamp(0) without time zone DEFAULT NULL::timestamp without time zone,
    pole_id integer NOT NULL,
    project_manager_id integer NOT NULL
);


ALTER TABLE public.resource OWNER TO root;

--
-- Name: resource_id_seq; Type: SEQUENCE; Schema: public; Owner: root
--

ALTER TABLE public.resource ALTER COLUMN id ADD GENERATED BY DEFAULT AS IDENTITY (
    SEQUENCE NAME public.resource_id_seq
    START WITH 1
    INCREMENT BY 1
    NO MINVALUE
    NO MAXVALUE
    CACHE 1
);


--
-- Name: resource_projects; Type: TABLE; Schema: public; Owner: root
--

CREATE TABLE public.resource_projects (
    resource_id integer NOT NULL,
    project_id integer NOT NULL
);


ALTER TABLE public.resource_projects OWNER TO root;

--
-- Name: user; Type: TABLE; Schema: public; Owner: root
--

CREATE TABLE public."user" (
    id integer NOT NULL,
    email character varying(180) NOT NULL,
    roles json NOT NULL,
    password character varying(255) NOT NULL,
    is_active boolean NOT NULL,
    status character varying(255) NOT NULL,
    created_at timestamp(0) without time zone NOT NULL,
    first_name character varying(255) NOT NULL,
    last_name character varying(255) NOT NULL,
    "position" character varying(255) DEFAULT NULL::character varying,
    skills json
);


ALTER TABLE public."user" OWNER TO root;

--
-- Name: user_id_seq; Type: SEQUENCE; Schema: public; Owner: root
--

ALTER TABLE public."user" ALTER COLUMN id ADD GENERATED BY DEFAULT AS IDENTITY (
    SEQUENCE NAME public.user_id_seq
    START WITH 1
    INCREMENT BY 1
    NO MINVALUE
    NO MAXVALUE
    CACHE 1
);


--
-- Name: user_project_access; Type: TABLE; Schema: public; Owner: root
--

CREATE TABLE public.user_project_access (
    user_id integer NOT NULL,
    project_id integer NOT NULL,
    can_edit boolean NOT NULL,
    can_consult boolean NOT NULL
);


ALTER TABLE public.user_project_access OWNER TO root;

--
-- Data for Name: doctrine_migration_versions; Type: TABLE DATA; Schema: public; Owner: root
--

COPY public.doctrine_migration_versions (version, executed_at, execution_time) FROM stdin;
DoctrineMigrations\\Version20250228184644	2025-02-28 18:47:35	159
DoctrineMigrations\\Version20250302234938	2025-03-02 23:59:09	9
DoctrineMigrations\\Version20250306025814	2025-03-06 02:58:43	179
DoctrineMigrations\\Version20250307013932	2025-03-07 01:42:49	95
DoctrineMigrations\\Version20250413012813	2025-04-13 01:28:25	178
DoctrineMigrations\\Version20250414223420	2025-04-14 23:08:39	105
DoctrineMigrations\\Version20250504013238	2025-05-04 01:58:50	35
\.


--
-- Data for Name: occupation_record; Type: TABLE DATA; Schema: public; Owner: root
--

COPY public.occupation_record (id, week_start, occupation_rate, updated_at, resource_id, project_id, updated_by_id, week_end) FROM stdin;
1	2025-04-19	80	2025-04-19 21:21:18	22	\N	52	2025-05-04
2	2025-04-19	70	2025-04-19 21:21:18	23	\N	52	2025-05-04
3	2025-04-19	75	2025-04-19 21:21:18	24	\N	52	2025-05-04
4	2025-04-19	65	2025-04-19 21:21:18	25	\N	52	2025-05-04
5	2025-04-19	70	2025-04-19 21:21:18	26	\N	52	2025-05-04
6	2025-04-19	60	2025-04-19 21:21:18	27	\N	52	2025-05-04
7	2025-04-01	70	2025-04-20 00:04:08	22	\N	54	2025-05-04
8	2025-04-04	50	2025-04-20 00:04:16	22	\N	54	2025-05-04
9	2025-04-04	90	2025-04-20 00:04:23	27	\N	54	2025-05-04
10	2025-04-02	55	2025-04-20 01:21:11	22	\N	54	2025-05-04
11	2025-04-03	100	2025-04-20 20:27:03	22	\N	54	2025-05-04
12	2025-04-21	80	2025-04-20 20:35:45	22	\N	54	2025-05-04
13	2025-04-05	100	2025-04-22 08:31:12	22	\N	54	2025-05-04
14	2025-04-08	10	2025-04-22 13:51:48	22	85	54	2025-05-04
15	2025-04-09	100	2025-04-22 13:52:02	22	85	54	2025-05-04
16	2025-04-22	0	2025-04-22 16:05:02	22	87	54	2025-05-04
17	2025-04-23	0	2025-04-23 09:56:42	26	87	54	2025-05-04
18	2025-04-23	0	2025-04-23 09:57:18	22	85	54	2025-05-04
19	2025-04-10	100	2025-04-23 10:04:12	26	85	54	2025-05-04
20	2025-04-23	0	2025-04-23 10:22:30	22	86	54	2025-05-04
23	2025-04-23	0	2025-04-23 11:29:38	25	87	54	2025-05-04
24	2025-04-23	0	2025-04-23 11:30:06	25	87	54	2025-05-04
26	2025-04-11	90	2025-04-23 23:34:10	22	85	54	2025-05-04
29	2025-04-02	100	2025-04-24 14:48:24	22	86	54	2025-05-04
30	2025-04-24	0	2025-04-24 19:48:31	22	85	54	2025-05-04
31	2025-04-24	0	2025-04-24 19:49:11	25	86	54	2025-05-04
32	2025-04-24	0	2025-04-24 19:49:29	22	86	54	2025-05-04
33	2025-04-04	100	2025-04-24 21:11:30	25	86	54	2025-05-04
34	2025-04-24	0	2025-04-24 21:11:49	25	86	54	2025-05-04
35	2025-04-03	70	2025-04-24 23:53:40	22	85	54	2025-05-04
36	2025-04-24	0	2025-04-24 23:53:52	22	85	54	2025-05-04
39	2025-04-06	70	2025-04-25 00:46:52	22	85	54	2025-05-04
42	2025-04-01	74	2025-04-25 14:02:57	26	85	54	2025-05-04
44	2025-04-01	73	2025-04-25 14:13:17	25	86	54	2025-05-04
220	2025-05-12	50	2025-05-13 19:14:15	27	85	54	2025-05-18
392	2025-06-16	0	2025-05-18 20:34:38	26	85	54	2025-06-22
25	2025-04-01	88	2025-04-26 00:40:50	22	85	54	2025-05-04
47	2025-04-26	0	2025-04-26 00:45:33	24	86	54	2025-05-04
48	2025-04-01	11	2025-04-26 00:45:40	24	86	54	2025-05-04
49	2025-04-26	0	2025-04-26 00:46:21	24	87	54	2025-05-04
50	2025-04-01	0	2025-04-26 00:47:17	24	87	54	2025-05-04
51	2025-04-07	50	2025-04-28 18:02:59	26	85	54	2025-05-04
53	2025-04-02	100	2025-04-28 18:25:09	26	85	54	2025-05-04
54	2025-04-11	100	2025-04-28 18:46:29	24	86	54	2025-05-04
55	2025-04-01	90	2025-04-28 18:46:55	22	86	54	2025-05-04
399	2025-05-26	0	2025-05-20 10:09:12	26	85	54	2025-06-01
218	2025-05-05	10	2025-05-20 12:58:33	27	85	54	2025-05-11
63	2025-04-28	0	2025-04-28 23:20:01	22	85	54	2025-05-04
407	2025-04-28	0	2025-05-20 13:10:49	25	85	54	2025-05-04
411	2025-05-26	0	2025-05-20 13:10:52	25	85	54	2025-06-01
409	2025-05-12	75	2025-05-20 13:19:36	25	85	54	2025-05-18
413	2025-05-26	80	2025-05-20 15:54:04	22	85	54	2025-06-01
416	2025-04-28	0	2025-05-22 02:39:21	24	85	54	2025-05-04
418	2025-05-12	0	2025-05-22 02:39:23	24	85	54	2025-05-18
420	2025-05-26	0	2025-05-22 02:39:24	24	85	54	2025-06-01
426	2025-05-19	0	2025-05-22 03:38:06	25	88	54	2025-05-25
435	2025-05-05	0	2025-05-23 12:40:16	22	88	54	2025-05-11
437	2025-05-19	0	2025-05-23 12:40:17	22	88	54	2025-05-25
52	2025-04-28	100	2025-05-24 02:02:26	26	85	54	2025-05-04
206	2025-05-05	80	2025-05-09 13:41:59	26	85	54	2025-05-11
121	2025-05-02	70	2025-05-02 00:21:00	22	85	54	2025-05-04
122	2025-05-05	100	2025-05-02 00:21:06	22	85	54	2025-05-04
393	2025-06-23	0	2025-05-18 20:34:39	26	85	54	2025-06-29
219	2025-04-28	10	2025-05-20 13:10:29	27	85	54	2025-05-04
408	2025-05-05	0	2025-05-20 13:10:50	25	85	54	2025-05-11
410	2025-05-19	0	2025-05-20 13:11:00	25	85	54	2025-05-25
191	2025-05-12	70	2025-05-21 21:41:35	22	85	54	2025-05-18
190	2025-05-19	70	2025-05-21 23:42:38	26	85	54	2025-05-25
412	2025-05-19	20	2025-05-22 00:26:54	25	85	54	2025-05-25
417	2025-05-05	0	2025-05-22 02:39:22	24	85	54	2025-05-11
419	2025-05-19	0	2025-05-22 02:39:23	24	85	54	2025-05-25
155	2025-05-07	80	2025-05-02 18:26:57	22	85	54	2025-05-04
434	2025-04-28	0	2025-05-23 12:40:15	22	88	54	2025-05-04
436	2025-05-12	0	2025-05-23 12:40:16	22	88	54	2025-05-18
438	2025-05-26	0	2025-05-23 12:40:18	22	88	54	2025-06-01
205	2025-05-12	65	2025-05-24 02:02:32	26	85	54	2025-05-18
199	2025-05-19	95	2025-05-04 14:10:09	22	85	54	2025-05-25
200	2025-04-28	10	2025-05-04 14:10:52	22	86	54	2025-05-04
201	2025-05-05	10	2025-05-04 14:10:57	22	86	54	2025-05-11
202	2025-05-12	10	2025-05-04 14:11:02	22	86	54	2025-05-18
203	2025-05-19	10	2025-05-04 14:11:05	22	86	54	2025-05-25
204	2025-05-26	10	2025-05-04 14:11:09	22	86	54	2025-06-01
189	2025-04-28	100	2025-05-04 02:06:28	26	85	54	2025-05-04
192	2025-05-05	80	2025-05-06 15:31:12	22	85	54	2025-05-11
\.


--
-- Data for Name: pole; Type: TABLE DATA; Schema: public; Owner: root
--

COPY public.pole (id, name, created_at, created_by_id) FROM stdin;
24	PHP Development	2025-04-19 21:21:18	52
25	Frontend Development	2025-04-19 21:21:18	52
26	Design	2025-04-19 21:21:18	52
\.


--
-- Data for Name: projects; Type: TABLE DATA; Schema: public; Owner: root
--

COPY public.projects (id, code, name, required_skills) FROM stdin;
85	PROJ001	Web Platform Development	["PHP","Symfony","JavaScript","HTML\\/CSS"]
86	PROJ002	Mobile App Initiative	["React Native","JavaScript","UI\\/UX Design"]
87	PROJ003	Enterprise Resource Planning	["PHP","Database Design","System Architecture"]
88	PROJ004	Data Analytics Dashboard	["Data Science","SQL","Data Visualization"]
89	PROJ005	Cloud Migration	["Cloud Services","DevOps","System Administration"]
\.


--
-- Data for Name: resource; Type: TABLE DATA; Schema: public; Owner: root
--

COPY public.resource (id, full_name, skills, "position", avatar, created_at, updated_at, pole_id, project_manager_id) FROM stdin;
23	PHP Developer 2	["PHP","Laravel","PostgreSQL","REST APIs"]	PHP Developer	\N	2025-04-19 21:21:18	\N	24	52
24	Charlie Brown	["React","TypeScript","CSS","Redux"]	Senior Frontend Developer	\N	2025-04-19 21:21:18	\N	25	52
25	Frontend Developer 2	["Vue.js","JavaScript","SCSS","Vuex"]	Frontend Developer	\N	2025-04-19 21:21:18	\N	25	52
26	Alice Johnson	["UI\\/UX Design","Figma","Adobe XD","Prototyping"]	Senior UI/UX Designer	\N	2025-04-19 21:21:18	\N	26	52
27	Designer 2	["UI Design","Figma","Adobe Photoshop","Wireframing"]	UI Designer	\N	2025-04-19 21:21:18	\N	26	52
22	Manel Askri	["PHP","Symfony","MySQL","API Development"]	Senior PHP Developer	\N	2025-04-19 21:21:18	\N	24	54
\.


--
-- Data for Name: resource_projects; Type: TABLE DATA; Schema: public; Owner: root
--

COPY public.resource_projects (resource_id, project_id) FROM stdin;
22	87
26	87
25	87
22	86
25	86
24	86
26	85
22	85
27	85
25	85
25	88
\.


--
-- Data for Name: user; Type: TABLE DATA; Schema: public; Owner: root
--

COPY public."user" (id, email, roles, password, is_active, status, created_at, first_name, last_name, "position", skills) FROM stdin;
52	user@example.com	["ROLE_USER"]	$2y$13$dCuffl13LKmIRXbLd50LTeEdSn5uzHM8nwqwgkdYK4R4XOlpdr6ua	f	pending	2025-04-19 21:21:17	John	Doe	\N	[]
53	admin@wevioo.com	["ROLE_ADMIN"]	$2y$13$WmESPcwiNNOLnILvWpsaM.9VY0bWzDzJ8MRxS7oZGIK.bfxEh.Jzm	t	approved	2025-04-19 21:21:56	admin	admin	\N	[]
54	ahmed@wevioo.com	["ROLE_USER"]	$2y$13$xoCv9Y3ghAxWEmdeVvrvz.JcIbfToyUc22f1fIAxKlT5QMNpFQ9jG	t	approved	2025-04-19 21:22:31	ahmed	ahmed	PR	["PHP"]
55	ahlem@wevioo.com	["ROLE_USER"]	$2y$13$AM39UtNMpOAfGXk3xcictODtxpd91qu2O.GnRi1DLqdHLWCBL4Hia	t	approved	2025-05-11 19:01:14	ahlem	ahlem	project manager	[]
\.


--
-- Data for Name: user_project_access; Type: TABLE DATA; Schema: public; Owner: root
--

COPY public.user_project_access (user_id, project_id, can_edit, can_consult) FROM stdin;
54	85	t	t
54	86	t	f
54	87	t	t
54	88	t	t
54	89	t	f
55	85	t	t
55	86	f	t
\.


--
-- Name: occupation_record_id_seq; Type: SEQUENCE SET; Schema: public; Owner: root
--

SELECT pg_catalog.setval('public.occupation_record_id_seq', 438, true);


--
-- Name: pole_id_seq; Type: SEQUENCE SET; Schema: public; Owner: root
--

SELECT pg_catalog.setval('public.pole_id_seq', 26, true);


--
-- Name: projects_id_seq; Type: SEQUENCE SET; Schema: public; Owner: root
--

SELECT pg_catalog.setval('public.projects_id_seq', 89, true);


--
-- Name: resource_id_seq; Type: SEQUENCE SET; Schema: public; Owner: root
--

SELECT pg_catalog.setval('public.resource_id_seq', 27, true);


--
-- Name: user_id_seq; Type: SEQUENCE SET; Schema: public; Owner: root
--

SELECT pg_catalog.setval('public.user_id_seq', 55, true);


--
-- Name: doctrine_migration_versions doctrine_migration_versions_pkey; Type: CONSTRAINT; Schema: public; Owner: root
--

ALTER TABLE ONLY public.doctrine_migration_versions
    ADD CONSTRAINT doctrine_migration_versions_pkey PRIMARY KEY (version);


--
-- Name: occupation_record occupation_record_pkey; Type: CONSTRAINT; Schema: public; Owner: root
--

ALTER TABLE ONLY public.occupation_record
    ADD CONSTRAINT occupation_record_pkey PRIMARY KEY (id);


--
-- Name: pole pole_pkey; Type: CONSTRAINT; Schema: public; Owner: root
--

ALTER TABLE ONLY public.pole
    ADD CONSTRAINT pole_pkey PRIMARY KEY (id);


--
-- Name: projects projects_pkey; Type: CONSTRAINT; Schema: public; Owner: root
--

ALTER TABLE ONLY public.projects
    ADD CONSTRAINT projects_pkey PRIMARY KEY (id);


--
-- Name: resource resource_pkey; Type: CONSTRAINT; Schema: public; Owner: root
--

ALTER TABLE ONLY public.resource
    ADD CONSTRAINT resource_pkey PRIMARY KEY (id);


--
-- Name: resource_projects resource_projects_pkey; Type: CONSTRAINT; Schema: public; Owner: root
--

ALTER TABLE ONLY public.resource_projects
    ADD CONSTRAINT resource_projects_pkey PRIMARY KEY (resource_id, project_id);


--
-- Name: user user_pkey; Type: CONSTRAINT; Schema: public; Owner: root
--

ALTER TABLE ONLY public."user"
    ADD CONSTRAINT user_pkey PRIMARY KEY (id);


--
-- Name: user_project_access user_project_access_pkey; Type: CONSTRAINT; Schema: public; Owner: root
--

ALTER TABLE ONLY public.user_project_access
    ADD CONSTRAINT user_project_access_pkey PRIMARY KEY (user_id, project_id);


--
-- Name: idx_7a481f47166d1f9c; Type: INDEX; Schema: public; Owner: root
--

CREATE INDEX idx_7a481f47166d1f9c ON public.user_project_access USING btree (project_id);


--
-- Name: idx_7a481f47a76ed395; Type: INDEX; Schema: public; Owner: root
--

CREATE INDEX idx_7a481f47a76ed395 ON public.user_project_access USING btree (user_id);


--
-- Name: idx_82545719166d1f9c; Type: INDEX; Schema: public; Owner: root
--

CREATE INDEX idx_82545719166d1f9c ON public.occupation_record USING btree (project_id);


--
-- Name: idx_8254571989329d25; Type: INDEX; Schema: public; Owner: root
--

CREATE INDEX idx_8254571989329d25 ON public.occupation_record USING btree (resource_id);


--
-- Name: idx_82545719896dbbde; Type: INDEX; Schema: public; Owner: root
--

CREATE INDEX idx_82545719896dbbde ON public.occupation_record USING btree (updated_by_id);


--
-- Name: idx_bc91f416419c3385; Type: INDEX; Schema: public; Owner: root
--

CREATE INDEX idx_bc91f416419c3385 ON public.resource USING btree (pole_id);


--
-- Name: idx_bc91f41660984f51; Type: INDEX; Schema: public; Owner: root
--

CREATE INDEX idx_bc91f41660984f51 ON public.resource USING btree (project_manager_id);


--
-- Name: idx_f21f7909166d1f9c; Type: INDEX; Schema: public; Owner: root
--

CREATE INDEX idx_f21f7909166d1f9c ON public.resource_projects USING btree (project_id);


--
-- Name: idx_f21f790989329d25; Type: INDEX; Schema: public; Owner: root
--

CREATE INDEX idx_f21f790989329d25 ON public.resource_projects USING btree (resource_id);


--
-- Name: idx_fd6042e1b03a8386; Type: INDEX; Schema: public; Owner: root
--

CREATE INDEX idx_fd6042e1b03a8386 ON public.pole USING btree (created_by_id);


--
-- Name: uniq_5c93b3a477153098; Type: INDEX; Schema: public; Owner: root
--

CREATE UNIQUE INDEX uniq_5c93b3a477153098 ON public.projects USING btree (code);


--
-- Name: uniq_identifier_email; Type: INDEX; Schema: public; Owner: root
--

CREATE UNIQUE INDEX uniq_identifier_email ON public."user" USING btree (email);


--
-- Name: user_project_access fk_7a481f47166d1f9c; Type: FK CONSTRAINT; Schema: public; Owner: root
--

ALTER TABLE ONLY public.user_project_access
    ADD CONSTRAINT fk_7a481f47166d1f9c FOREIGN KEY (project_id) REFERENCES public.projects(id) ON DELETE CASCADE;


--
-- Name: user_project_access fk_7a481f47a76ed395; Type: FK CONSTRAINT; Schema: public; Owner: root
--

ALTER TABLE ONLY public.user_project_access
    ADD CONSTRAINT fk_7a481f47a76ed395 FOREIGN KEY (user_id) REFERENCES public."user"(id) ON DELETE CASCADE;


--
-- Name: occupation_record fk_82545719166d1f9c; Type: FK CONSTRAINT; Schema: public; Owner: root
--

ALTER TABLE ONLY public.occupation_record
    ADD CONSTRAINT fk_82545719166d1f9c FOREIGN KEY (project_id) REFERENCES public.projects(id);


--
-- Name: occupation_record fk_8254571989329d25; Type: FK CONSTRAINT; Schema: public; Owner: root
--

ALTER TABLE ONLY public.occupation_record
    ADD CONSTRAINT fk_8254571989329d25 FOREIGN KEY (resource_id) REFERENCES public.resource(id);


--
-- Name: occupation_record fk_82545719896dbbde; Type: FK CONSTRAINT; Schema: public; Owner: root
--

ALTER TABLE ONLY public.occupation_record
    ADD CONSTRAINT fk_82545719896dbbde FOREIGN KEY (updated_by_id) REFERENCES public."user"(id);


--
-- Name: resource fk_bc91f416419c3385; Type: FK CONSTRAINT; Schema: public; Owner: root
--

ALTER TABLE ONLY public.resource
    ADD CONSTRAINT fk_bc91f416419c3385 FOREIGN KEY (pole_id) REFERENCES public.pole(id);


--
-- Name: resource fk_bc91f41660984f51; Type: FK CONSTRAINT; Schema: public; Owner: root
--

ALTER TABLE ONLY public.resource
    ADD CONSTRAINT fk_bc91f41660984f51 FOREIGN KEY (project_manager_id) REFERENCES public."user"(id);


--
-- Name: resource_projects fk_f21f7909166d1f9c; Type: FK CONSTRAINT; Schema: public; Owner: root
--

ALTER TABLE ONLY public.resource_projects
    ADD CONSTRAINT fk_f21f7909166d1f9c FOREIGN KEY (project_id) REFERENCES public.projects(id) ON DELETE CASCADE;


--
-- Name: resource_projects fk_f21f790989329d25; Type: FK CONSTRAINT; Schema: public; Owner: root
--

ALTER TABLE ONLY public.resource_projects
    ADD CONSTRAINT fk_f21f790989329d25 FOREIGN KEY (resource_id) REFERENCES public.resource(id) ON DELETE CASCADE;


--
-- Name: pole fk_fd6042e1b03a8386; Type: FK CONSTRAINT; Schema: public; Owner: root
--

ALTER TABLE ONLY public.pole
    ADD CONSTRAINT fk_fd6042e1b03a8386 FOREIGN KEY (created_by_id) REFERENCES public."user"(id);


--
-- PostgreSQL database dump complete
--

